{"cameraMode":{"drawMode":0,"name":"Shaded","section":"Shading Mode"},"sceneLighting":true,"audioPlay":false,"sceneViewState":{"showFog":true,"showMaterialUpdate":false,"showSkybox":true,"showFlares":true,"showImageEffects":true,"showParticleSystems":true},"in2DMode":false,"pivot":{"x":-3.7828545570373537,"y":-72.45231628417969,"z":65.11761474609375},"rotation":{"x":-0.4039066731929779,"y":0.010151655413210392,"z":-0.00448266277089715,"w":-0.9147340059280396},"size":85.69911193847656,"orthographic":false}